," href"," 2"
Vorweihnachtliche Bastel und Hobby Messe in Oberschleißheim,https://www.weihnachtsmaerkte-in-deutschland.de/vorweihnachtliche-bastel-und-hobby-messe-in-oberschleissheim.html,am 06.10.2019
"Vorweihnachtlicher Hobby-, Künstler- und Ideenmarkt in Pliening",https://www.weihnachtsmaerkte-in-deutschland.de/vorweihnachtlicher-hobby-kuenstler-und-ideenmarkt-in-pliening.html,am 20.10.2019
Stall-Weihnachtsmarkt in Aschau am Inn,https://www.weihnachtsmaerkte-in-deutschland.de/stall-weihnachtsmarkt-in-aschau-am-inn.html,ab 23.10.2019
Lebkuchenmarkt in Nürnberg,https://www.weihnachtsmaerkte-in-deutschland.de/lebkuchenmarkt-in-nuernberg.html,ab 25.10.2019
"Vorweihnachtlicher Hobby-, Künstler- und Ideenmarkt in Oberkotzau",https://www.weihnachtsmaerkte-in-deutschland.de/vorweihnachtlicher-hobby-kuenstler-und-ideenmarkt-in-oberkotzau.html,am 27.10.2019
Martinimarkt in Bayreuth,https://www.weihnachtsmaerkte-in-deutschland.de/martinimarkt-in-bayreuth.html,ab 31.10.2019
Spitzlmarkt in Dietfurt,https://www.weihnachtsmaerkte-in-deutschland.de/spitzlmarkt-in-dietfurt.html,am 03.11.2019
"Vorweihnachtlicher Hobby-, Künstler- und Ideenmarkt in Bindlach",https://www.weihnachtsmaerkte-in-deutschland.de/vorweihnachtlicher-hobby-kuenstler-und-ideenmarkt-in-bindlach.html,am 03.11.2019
Wintermarkt in Selb,https://www.weihnachtsmaerkte-in-deutschland.de/wintermarkt-in-selb.html,am 03.11.2019
Weihnachtsmarkt in Bad Wörishofen,https://www.weihnachtsmaerkte-in-deutschland.de/weihnachtsmarkt-in-bad-woerishofen.html,ab 07.11.2019
"Vorweihnachtlicher Hobby-, Künstler- und Ideenmarkt in Rattelsdorf",https://www.weihnachtsmaerkte-in-deutschland.de/vorweihnachtlicher-hobby-kuenstler-und-ideenmarkt-in-rattelsdorf.html,am 10.11.2019
Adventswarenmarkt in Grafing,https://www.weihnachtsmaerkte-in-deutschland.de/adventswarenmarkt-in-grafing.html,am 10.11.2019
Deutsch-Amerikanischer Weihnachtsmarkt in Pullman City in Eging a. See,https://www.weihnachtsmaerkte-in-deutschland.de/deutsch-amerikanischer-weihnachtsmarkt-in-pullman-city-in-eging-a-see.html,ab 15.11.2019
Romantischer Weihnachtsmarkt auf Schloss Kronburg,https://www.weihnachtsmaerkte-in-deutschland.de/romantischer-weihnachtsmarkt-auf-schloss-kronburg.html,ab 15.11.2019
Weihnachtsmarkt in Wörners Schloss in Neuses am Sand,https://www.weihnachtsmaerkte-in-deutschland.de/weihnachtsmarkt-in-woerners-schloss-in-neuses-am-sand.html,ab 16.11.2019
Weihnachtsmarkt in Röthenbach a. d. Pegnitz,https://www.weihnachtsmaerkte-in-deutschland.de/weihnachtsmarkt-in-roethenbach-a-d-pegnitz.html,am 17.11.2019
Andreasmarkt in Teisendorf,https://www.weihnachtsmaerkte-in-deutschland.de/andreasmarkt-in-teisendorf.html,am 17.11.2019
Lindauer Hafenweihnacht in Lindau (Bodensee),https://www.weihnachtsmaerkte-in-deutschland.de/lindauer-hafenweihnacht-in-lindau-bodensee.html,ab 21.11.2019
Christkindlesmarkt in Roth,https://www.weihnachtsmaerkte-in-deutschland.de/christkindlesmarkt-in-roth.html,ab 21.11.2019
Romantischer Weihnachtsmarkt auf Schloss Thurn und Taxis in Regensburg,https://www.weihnachtsmaerkte-in-deutschland.de/romantischer-weihnachtsmarkt-auf-schloss-thurn-und-taxis-in-regensburg.html,ab 22.11.2019
Advents- und Spanschachtelmarkt in Andechs,https://www.weihnachtsmaerkte-in-deutschland.de/advents-und-spanschachtelmarkt-in-andechs.html,ab 22.11.2019
Romantischer Weihnachtsmarkt auf Gut Wolfgangshof in Zirndorf-Anwanden,https://www.weihnachtsmaerkte-in-deutschland.de/romantischer-weihnachtsmarkt-auf-gut-wolfgangshof-in-zirndorf-anwanden.html,ab 22.11.2019
Textilmarkt im Textil- und Industriemuseum Augsburg,https://www.weihnachtsmaerkte-in-deutschland.de/textilmarkt-im-textil-und-industriemuseum-augsburg.html,ab 22.11.2019
Christkindlmarkt am WaldWipfelWeg in Sankt Englmar,https://www.weihnachtsmaerkte-in-deutschland.de/christkindlmarkt-am-waldwipfelweg-in-sankt-englmar.html,ab 22.11.2019
Bogenhausener Weihnachtszauberwald in München,https://www.weihnachtsmaerkte-in-deutschland.de/bogenhausener-weihnachtszauberwald-in-muenchen.html,ab 22.11.2019
Romantischer Weihnachtsmarkt auf Schloss Kronburg,https://www.weihnachtsmaerkte-in-deutschland.de/romantischer-weihnachtsmarkt-auf-schloss-kronburg.html,ab 22.11.2019
Wintermarkt in Altmannstein,https://www.weihnachtsmaerkte-in-deutschland.de/wintermarkt-in-altmannstein.html,ab 22.11.2019
Deutsch-Amerikanischer Weihnachtsmarkt in Pullman City in Eging a. See,https://www.weihnachtsmaerkte-in-deutschland.de/deutsch-amerikanischer-weihnachtsmarkt-in-pullman-city-in-eging-a-see.html,ab 22.11.2019
Weihnachtsmarkt auf Schloss Tüßling,https://www.weihnachtsmaerkte-in-deutschland.de/weihnachtsmarkt-auf-schloss-tuessling.html,ab 22.11.2019
Nikolaus-Dult in Sauerlach,https://www.weihnachtsmaerkte-in-deutschland.de/nikolaus-dult-in-sauerlach.html,ab 22.11.2019
Dorfweihnacht in Thundorf in Unterfranken,https://www.weihnachtsmaerkte-in-deutschland.de/dorfweihnacht-in-thundorf-in-unterfranken.html,ab 23.11.2019
Adventsmarkt in Titting,https://www.weihnachtsmaerkte-in-deutschland.de/adventsmarkt-in-titting.html,ab 23.11.2019
Weihnachtsmarkt (Kathreinmarkt) in Aindling,https://www.weihnachtsmaerkte-in-deutschland.de/weihnachtsmarkt-in-aindling.html,ab 23.11.2019
Weihnachtsmarkt in Nordheim am Main,https://www.weihnachtsmaerkte-in-deutschland.de/weihnachtsmarkt-mit-geniessermarkt-in-nordheim-am-main.html,ab 23.11.2019
Christkindlmarkt in Altötting,https://www.weihnachtsmaerkte-in-deutschland.de/christkindlmarkt-in-altoetting.html,ab 23.11.2019
Glockenmarkt in Weilbach,https://www.weihnachtsmaerkte-in-deutschland.de/glockenmarkt-in-weilbach.html,ab 23.11.2019
Weihnachtsmarkt in Münnerstadt,https://www.weihnachtsmaerkte-in-deutschland.de/weihnachtsmarkt-in-muennerstadt.html,am 24.11.2019
Kathreinmarkt in Vohburg a.d.Donau,https://www.weihnachtsmaerkte-in-deutschland.de/kathreinmarkt-in-vohburg-a-d-donau.html,am 24.11.2019
Wintermarkt in Zellingen,https://www.weihnachtsmaerkte-in-deutschland.de/wintermarkt-in-zellingen.html,am 24.11.2019
Wintermarkt in Neunburg vorm Wald,https://www.weihnachtsmaerkte-in-deutschland.de/wintermarkt-in-neunburg-vorm-wald.html,am 24.11.2019
Weihnachtsmarkt in Dietfurt,https://www.weihnachtsmaerkte-in-deutschland.de/weihnachtsmarkt-und-stirzer-stodlweihnacht-in-dietfurt.html,am 24.11.2019
Adventmarkt in Dachau,https://www.weihnachtsmaerkte-in-deutschland.de/adventmarkt-in-dachau.html,am 24.11.2019
Christkindlesmarkt in Bayreuth,https://www.weihnachtsmaerkte-in-deutschland.de/christkindlesmarkt-in-bayreuth.html,ab 25.11.2019
Christkindlmarkt in Regensburg,https://www.weihnachtsmaerkte-in-deutschland.de/christkindlmarkt-in-regensburg.html,ab 25.11.2019
Weihnachtsmarkt in Hof in Bayern,https://www.weihnachtsmaerkte-in-deutschland.de/weihnachtsmarkt-in-hof-in-bayern.html,ab 25.11.2019
Christkindlmarkt am Marienplatz in München,https://www.weihnachtsmaerkte-in-deutschland.de/christkindlmarkt-am-marienplatz-in-muenchen.html,ab 27.11.2019
Kuchlbauer-Weihnachtsmarkt in Abensberg,https://www.weihnachtsmaerkte-in-deutschland.de/kuchlbauer-weihnachtsmarkt-in-abensberg.html,ab 27.11.2019
Die Münchner Feuerzangenbowle am Isartor,https://www.weihnachtsmaerkte-in-deutschland.de/die-groesste-feuerzangenbowle-der-welt-in-muenchen.html,ab 27.11.2019
Weihnachtsmarkt in Marktredwitz,https://www.weihnachtsmaerkte-in-deutschland.de/weihnachtsmarkt-in-marktredwitz.html,ab 28.11.2019
Christkindlesmarkt in Roth,https://www.weihnachtsmaerkte-in-deutschland.de/christkindlesmarkt-in-roth.html,ab 28.11.2019
Deutsch-Amerikanischer Weihnachtsmarkt in Pullman City in Eging a. See,https://www.weihnachtsmaerkte-in-deutschland.de/deutsch-amerikanischer-weihnachtsmarkt-in-pullman-city-in-eging-a-see.html,ab 28.11.2019
Berchtesgadener Advent in Berchtesgaden,https://www.weihnachtsmaerkte-in-deutschland.de/christkindlmarkt-in-berchtesgaden.html,ab 28.11.2019
Christkindlmarkt in Bad Kötzting,https://www.weihnachtsmaerkte-in-deutschland.de/christkindlmarkt-in-bad-koetzting.html,ab 28.11.2019
Christkindlmarkt in Landshut,https://www.weihnachtsmaerkte-in-deutschland.de/christkindlmarkt-in-landshut.html,ab 28.11.2019
Lindauer Hafenweihnacht in Lindau (Bodensee),https://www.weihnachtsmaerkte-in-deutschland.de/lindauer-hafenweihnacht-in-lindau-bodensee.html,ab 28.11.2019
Weihnachtsmarkt in Dinkelsbühl,https://www.weihnachtsmaerkte-in-deutschland.de/weihnachtsmarkt-in-dinkelsbuehl.html,ab 28.11.2019
Märchenbazar Weihnachtsmarkt auf dem Viehhof in München,https://www.weihnachtsmaerkte-in-deutschland.de/maerchenbazar-weihnachtsmarkt-auf-dem-viehhof-in-muenchen.html,ab 28.11.2019
Christkindlmarkt in Regen,https://www.weihnachtsmaerkte-in-deutschland.de/christkindlmarkt-in-regen.html,ab 28.11.2019
Christkindlmarkt in Pfaffenhofen an der Ilm,https://www.weihnachtsmaerkte-in-deutschland.de/christkindlmarkt-in-pfaffenhofen-an-der-ilm.html,ab 28.11.2019
Granitweihnacht - Christkindlmarkt im Stoabruch in Hauzenberg,https://www.weihnachtsmaerkte-in-deutschland.de/granitweihnacht-christkindlmarkt-im-stoabruch-in-hauzenberg.html,ab 28.11.2019
Christkindlmarkt in Prien am Chiemsee,https://www.weihnachtsmaerkte-in-deutschland.de/christkindlmarkt-in-prien-am-chiemsee.html,ab 29.11.2019
Kulinarischer Christkindlmarkt in Bad Aibling,https://www.weihnachtsmaerkte-in-deutschland.de/kulinarischer-christkindlmarkt-in-bad-aibling.html,ab 29.11.2019
Weihnachtsmarkt in Neusäß,https://www.weihnachtsmaerkte-in-deutschland.de/weihnachtsmarkt-in-neusaess.html,ab 29.11.2019
Weihnachtsmarkt in Kaufbeuren,https://www.weihnachtsmaerkte-in-deutschland.de/weihnachtsmarkt-in-kaufbeuren.html,ab 29.11.2019
Romantischer Weihnachtsmarkt auf Gut Wolfgangshof in Zirndorf-Anwanden,https://www.weihnachtsmaerkte-in-deutschland.de/romantischer-weihnachtsmarkt-auf-gut-wolfgangshof-in-zirndorf-anwanden.html,ab 29.11.2019
Christkindlmarkt auf der Fraueninsel in Chiemsee,https://www.weihnachtsmaerkte-in-deutschland.de/christkindlmarkt-auf-der-fraueninsel-in-chiemsee.html,ab 29.11.2019
Christkindlmarkt in der Pfarrei St. Lantpert Freising,https://www.weihnachtsmaerkte-in-deutschland.de/christkindlmarkt-in-der-pfarrei-st-lantpert-freising.html,ab 29.11.2019
Caritativer Weihnachtsmarkt in Viechtach,https://www.weihnachtsmaerkte-in-deutschland.de/caritativer-weihnachtsmarkt-in-viechtach.html,ab 29.11.2019
Weihnachtsmarkt SPESSART Adventsmarkt bei Lohr-Ruppertshütten,https://www.weihnachtsmaerkte-in-deutschland.de/weihnachtsmarkt-spessart-adventsmarkt-bei-lohr-ruppertshuetten.html,ab 29.11.2019
Christkindlmarkt in Bad Birnbach,https://www.weihnachtsmaerkte-in-deutschland.de/christkindlmarkt-in-bad-birnbach.html,ab 29.11.2019
Weihnachtsmarkt in Coburg,https://www.weihnachtsmaerkte-in-deutschland.de/weihnachtsmarkt-in-coburg.html,ab 29.11.2019
Christkindlmarkt in Olching,https://www.weihnachtsmaerkte-in-deutschland.de/christkindlmarkt-in-olching.html,ab 29.11.2019
Weihnachtsmarkt in Roggenburg,https://www.weihnachtsmaerkte-in-deutschland.de/weihnachtsmarkt-in-roggenburg-.html,ab 29.11.2019
Advents- und Weihnachtsmarkt in Eichstätt,https://www.weihnachtsmaerkte-in-deutschland.de/advents-und-weihnachtsmarkt-in-eichstaett.html,ab 29.11.2019
Christkindlmarkt in Zwiesel,https://www.weihnachtsmaerkte-in-deutschland.de/christkindlmarkt-in-zwiesel.html,ab 29.11.2019
Die größte Feuerzangenbowle der Welt in Nürnberg,https://www.weihnachtsmaerkte-in-deutschland.de/die-groesste-feuerzangenbowle-der-welt-in-nuernberg.html,ab 29.11.2019
Waldweihnacht auf der Waldbühne in Halsbach,https://www.weihnachtsmaerkte-in-deutschland.de/waldweihnacht-auf-der-waldbuehne-in-halsbach.html,ab 29.11.2019
Adventsmarkt in Burghausen,https://www.weihnachtsmaerkte-in-deutschland.de/adventsmarkt-in-burghausen.html,ab 29.11.2019
Weihnachtsmarkt in Lauingen (Donau),https://www.weihnachtsmaerkte-in-deutschland.de/weihnachtsmarkt-in-lauingen-donau.html,ab 29.11.2019
Christkindlesmarkt in Memmingen,https://www.weihnachtsmaerkte-in-deutschland.de/christkindlesmarkt-in-memmingen.html,ab 29.11.2019
Weihnachtsmarkt in Kronach,https://www.weihnachtsmaerkte-in-deutschland.de/weihnachtsmarkt-in-kronach.html,ab 29.11.2019
Weihnachtsmarkt auf Schloss Tüßling,https://www.weihnachtsmaerkte-in-deutschland.de/weihnachtsmarkt-auf-schloss-tuessling.html,ab 29.11.2019
Weihnachtsmarkt in Illertissen,https://www.weihnachtsmaerkte-in-deutschland.de/weihnachtsmarkt-in-illertissen.html,ab 29.11.2019
Himmlischer Adventsmarkt in der Gartenstadt in Bad Wörishofen,https://www.weihnachtsmaerkte-in-deutschland.de/himmlischer-adventsmarkt-in-der-gartenstadt-in-bad-woerishofen.html,ab 29.11.2019
Weihnachtsmarkt in Unterhaching,https://www.weihnachtsmaerkte-in-deutschland.de/weihnachtsmarkt-in-unterhaching.html,ab 29.11.2019
Christkindlmarkt im Freilichtmuseum Glentleiten in Großweil,https://www.weihnachtsmaerkte-in-deutschland.de/christkindlmarkt-im-freilichtmuseum-glentleiten-in-grossweil.html,ab 29.11.2019
Christkindlmarkt in Unterschleißheim,https://www.weihnachtsmaerkte-in-deutschland.de/christkindlmarkt-in-unterschleissheim.html,ab 29.11.2019
Weihnachtsmarkt in Selb,https://www.weihnachtsmaerkte-in-deutschland.de/weihnachtsmarkt-in-selb.html,ab 29.11.2019
Weihnachtsmarkt in Stein,https://www.weihnachtsmaerkte-in-deutschland.de/weihnachtsmarkt-in-stein.html,ab 29.11.2019
Weihnachtsmarkt in Würzburg,https://www.weihnachtsmaerkte-in-deutschland.de/weihnachtsmarkt-in-wuerzburg.html,ab 29.11.2019
Christkindlmarkt am WaldWipfelWeg in Sankt Englmar,https://www.weihnachtsmaerkte-in-deutschland.de/christkindlmarkt-am-waldwipfelweg-in-sankt-englmar.html,ab 29.11.2019
Sozialer Weihnachtsmarkt in Schrobenhausen,https://www.weihnachtsmaerkte-in-deutschland.de/sozialer-weihnachtsmarkt-in-schrobenhausen.html,ab 29.11.2019
Weihnachtsmarkt in Beilngries,https://www.weihnachtsmaerkte-in-deutschland.de/weihnachtsmarkt-in-beilngries.html,ab 29.11.2019
Walder Adventsmarkt in Garching a. d. Alz,https://www.weihnachtsmaerkte-in-deutschland.de/walder-adventsmarkt-in-garching-a-d-alz.html,ab 29.11.2019
Christkindlmarkt in Deggendorf,https://www.weihnachtsmaerkte-in-deutschland.de/christkindlmarkt-in-deggendorf.html,ab 29.11.2019
Weihnachtsmarkt in Amorbach,https://www.weihnachtsmaerkte-in-deutschland.de/weihnachtsmarkt-in-amorbach.html,ab 29.11.2019
Weihnachtsmarkt in Miltenberg,https://www.weihnachtsmaerkte-in-deutschland.de/weihnachtsmarkt-in-miltenberg.html,ab 29.11.2019
Weihnachtsmarkt auf Schloß Guteneck,https://www.weihnachtsmaerkte-in-deutschland.de/weihnachtsmarkt-auf-schloss-guteneck.html,ab 29.11.2019
Schwimmender Christkindlmarkt in Vilshofen an der Donau,https://www.weihnachtsmaerkte-in-deutschland.de/schwimmender-christkindlmarkt-in-vilshofen-an-der-donau.html,ab 29.11.2019
Fürstlicher Weihnachtsmarkt in Schillingsfürst,https://www.weihnachtsmaerkte-in-deutschland.de/fuerstlicher-weihnachtsmarkt-in-schillingsfuerst.html,ab 29.11.2019
Weihnachtsinsel in Augsburg,https://www.weihnachtsmaerkte-in-deutschland.de/weihnachtsinsel-in-augsburg.html,ab 29.11.2019
Weihnachtsmarkt in Kulmbach,https://www.weihnachtsmaerkte-in-deutschland.de/weihnachtsmarkt-in-kulmbach.html,ab 29.11.2019
Lucrezia Weihnachtsmarkt der Kunsthandwerker in Regensburg,https://www.weihnachtsmaerkte-in-deutschland.de/lucrezia-weihnachtsmarkt-der-kunsthandwerker-in-regensburg.html,ab 29.11.2019
Christkindlmarkt in Cham,https://www.weihnachtsmaerkte-in-deutschland.de/christkindlmarkt-in-cham.html,ab 29.11.2019
Pasinger Christkindlmarkt in München-Pasing,https://www.weihnachtsmaerkte-in-deutschland.de/pasinger-christkindlmarkt-in-muenchen-pasing.html,ab 30.11.2019
Weihnachtsmarkt in Hammelburg,https://www.weihnachtsmaerkte-in-deutschland.de/weihnachtsmarkt-in-hammelburg.html,ab 30.11.2019
Christkindlmarkt in Freilassing,https://www.weihnachtsmaerkte-in-deutschland.de/christkindlmarkt-in-freilassing.html,ab 30.11.2019
Weihnachtsmarkt in Hilpoltstein,https://www.weihnachtsmaerkte-in-deutschland.de/weihnachtsmarkt-in-hilpoltstein.html,ab 30.11.2019
Adventsmarkt in Heroldsberg bei Nürnberg,https://www.weihnachtsmaerkte-in-deutschland.de/adventsmarkt-in-heroldsberg-bei-nuernberg.html,ab 30.11.2019
Weihnachtsmarkt in Heideck,https://www.weihnachtsmaerkte-in-deutschland.de/weihnachtsmarkt-in-heideck.html,am 30.11.2019
Adventmarkt in Marktschellenberg,https://www.weihnachtsmaerkte-in-deutschland.de/adventmarkt-in-marktschellenberg.html,am 30.11.2019
Krippenweg in Bad Wörishofen,https://www.weihnachtsmaerkte-in-deutschland.de/krippenweg-in-bad-woerishofen.html,ab 30.11.2019
Christkindlesmarkt in Stadtbergen-Deuringen,https://www.weihnachtsmaerkte-in-deutschland.de/christkindlesmarkt-in-stadtbergen-deuringen.html,am 30.11.2019
Weihnachtsmarkt in Abenberg,https://www.weihnachtsmaerkte-in-deutschland.de/weihnachtsmarkt-in-abenberg.html,ab 30.11.2019
Weihnachtsmarkt in Himmelstadt,https://www.weihnachtsmaerkte-in-deutschland.de/weihnachtsmarkt-in-himmelstadt.html,ab 30.11.2019
Christkindlmarkt in Dürnbach bei Gmund am Tegernsee,https://www.weihnachtsmaerkte-in-deutschland.de/christkindlmarkt-in-duernbach-bei-gmund-am-tegernsee.html,am 30.11.2019
Weihnachtsmarkt in Spalt,https://www.weihnachtsmaerkte-in-deutschland.de/weihnachtsmarkt-in-spalt.html,ab 30.11.2019
Rupperichmarkt in Naila,https://www.weihnachtsmaerkte-in-deutschland.de/rupperichmarkt-in-naila.html,am 30.11.2019
"Christkindlmarkt im Bayerischen Staatsministerium für Ernährung, Landwirtschaft und Forsten in München",https://www.weihnachtsmaerkte-in-deutschland.de/christkindlmarkt-im-stmelf-bayern-in-muenchen.html,am 30.11.2019
Weihnachtsmarkt in Altdorf bei Nürnberg,https://www.weihnachtsmaerkte-in-deutschland.de/weihnachtsmarkt-in-altdorf-bei-nuernberg.html,ab 30.11.2019
Weihnachtsmarkt in Creußen,https://www.weihnachtsmaerkte-in-deutschland.de/weihnachtsmarkt-in-creussen.html,ab 30.11.2019
Weihnachtsmarkt in Wiesent,https://www.weihnachtsmaerkte-in-deutschland.de/weihnachtsmarkt-in-wiesent.html,ab 30.11.2019
Christkindlmarkt in Utting am Ammersee,https://www.weihnachtsmaerkte-in-deutschland.de/christkindlmarkt-in-utting-am-ammersee.html,ab 30.11.2019
Christkindlesmarkt in Immenstadt i. Allgäu,https://www.weihnachtsmaerkte-in-deutschland.de/christkindlesmarkt-in-immenstadt-i-allgaeu.html,ab 30.11.2019
Christkindlmarkt in Stöttwang,https://www.weihnachtsmaerkte-in-deutschland.de/christkindlmarkt-in-stoettwang.html,ab 30.11.2019
Weihnachtsmarkt in Sommerhausen,https://www.weihnachtsmaerkte-in-deutschland.de/weihnachtsmarkt-in-sommerhausen.html,ab 30.11.2019
Weihnachtsmarkt der Partnerstädte in Nürnberg,https://www.weihnachtsmaerkte-in-deutschland.de/weihnachtsmarkt-der-partnerstaedte-in-nuernberg.html,ab 30.11.2019
Röttinger Winterzauber in Röttingen,https://www.weihnachtsmaerkte-in-deutschland.de/roettinger-winterzauber-in-roettingen.html,ab 30.11.2019
Weihnachtsmarkt Weihnachtsstraße in Volkach,https://www.weihnachtsmaerkte-in-deutschland.de/weihnachtsmarkt-weihnachtsstrasse-in-volkach.html,ab 30.11.2019
Rottacher Advent in Rottach-Egern,https://www.weihnachtsmaerkte-in-deutschland.de/rottacher-advent-in-rottach-egern.html,ab 30.11.2019
Seeadvent in Bad Wiessee,https://www.weihnachtsmaerkte-in-deutschland.de/christkindlmarkt-in-bad-wiessee.html,ab 30.11.2019
Fridolfinger Advent,https://www.weihnachtsmaerkte-in-deutschland.de/fridolfinger-advent.html,ab 30.11.2019
Weihnachtsmarkt in Stadtlauringen,https://www.weihnachtsmaerkte-in-deutschland.de/weihnachtsmarkt-in-stadtlauringen.html,ab 30.11.2019
Weihnachtsmarkt in Laufen,https://www.weihnachtsmaerkte-in-deutschland.de/weihnachtsmarkt-in-laufen.html,ab 30.11.2019
Advent in Fränkischen Bauernstuben im Freilandmuseum Bad Windsheim,https://www.weihnachtsmaerkte-in-deutschland.de/advent-in-fraenkischen-bauernstuben-im-freilandmuseum-bad-windsheim.html,am 01.12.2019
Weihnachtsmarkt in Reichenberg (Unterfranken),https://www.weihnachtsmaerkte-in-deutschland.de/weihnachtsmarkt-in-reichenberg-unterfranken.html,am 01.12.2019
Christkindlmarkt in Oberammergau,https://www.weihnachtsmaerkte-in-deutschland.de/christkindlmarkt-in-oberammergau.html,am 01.12.2019
Nikolausmarkt in Obernbreit,https://www.weihnachtsmaerkte-in-deutschland.de/nikolausmarkt-in-obernbreit.html,am 01.12.2019
Kuchlbauer-Weihnachtsmarkt in Abensberg,https://www.weihnachtsmaerkte-in-deutschland.de/kuchlbauer-weihnachtsmarkt-in-abensberg.html,ab 04.12.2019
Weihnachtsmarkt Günzburger Altstadtweihnacht in Günzburg,https://www.weihnachtsmaerkte-in-deutschland.de/weihnachtsmarkt-guenzburger-altstadtweihnacht-in-guenzburg.html,ab 04.12.2019
Weihnachtsmarkt in Wemding,https://www.weihnachtsmaerkte-in-deutschland.de/weihnachtsmarkt-in-wemding.html,ab 04.12.2019
Lindauer Hafenweihnacht in Lindau (Bodensee),https://www.weihnachtsmaerkte-in-deutschland.de/lindauer-hafenweihnacht-in-lindau-bodensee.html,ab 05.12.2019
Christkindlmarkt in Mühldorf am Inn,https://www.weihnachtsmaerkte-in-deutschland.de/christkindlmarkt-in-muehldorf-am-inn.html,ab 05.12.2019
Weihnachtsinsel in Augsburg,https://www.weihnachtsmaerkte-in-deutschland.de/weihnachtsinsel-in-augsburg.html,ab 05.12.2019
Christkindlmarkt in Cham,https://www.weihnachtsmaerkte-in-deutschland.de/christkindlmarkt-in-cham.html,ab 05.12.2019
Christkindlmarkt in Landau an der Isar,https://www.weihnachtsmaerkte-in-deutschland.de/christkindlmarkt-in-landau-an-der-isar.html,ab 05.12.2019
Christkindlesmarkt in Roth,https://www.weihnachtsmaerkte-in-deutschland.de/christkindlesmarkt-in-roth.html,ab 05.12.2019
Weihnachtsmarkt in Marktredwitz,https://www.weihnachtsmaerkte-in-deutschland.de/weihnachtsmarkt-in-marktredwitz.html,ab 05.12.2019
Deutsch-Amerikanischer Weihnachtsmarkt in Pullman City in Eging a. See,https://www.weihnachtsmaerkte-in-deutschland.de/deutsch-amerikanischer-weihnachtsmarkt-in-pullman-city-in-eging-a-see.html,ab 05.12.2019
Granitweihnacht - Christkindlmarkt im Stoabruch in Hauzenberg,https://www.weihnachtsmaerkte-in-deutschland.de/granitweihnacht-christkindlmarkt-im-stoabruch-in-hauzenberg.html,ab 05.12.2019
Weihnachtsmarkt in Marktheidenfeld,https://www.weihnachtsmaerkte-in-deutschland.de/weihnachtsmarkt-in-marktheidenfeld.html,ab 05.12.2019
Weihnachtsmarkt in Mindelheim,https://www.weihnachtsmaerkte-in-deutschland.de/weihnachtsmarkt-in-mindelheim.html,ab 05.12.2019
Christkindlmarkt in Bad Kötzting,https://www.weihnachtsmaerkte-in-deutschland.de/christkindlmarkt-in-bad-koetzting.html,ab 05.12.2019
Weihnachtsmarkt in Illertissen,https://www.weihnachtsmaerkte-in-deutschland.de/weihnachtsmarkt-in-illertissen.html,ab 06.12.2019
Schlossweihnacht in Treuchtlingen,https://www.weihnachtsmaerkte-in-deutschland.de/schlossweihnacht-in-treuchtlingen.html,ab 06.12.2019
Christkindlmarkt in Unterschleißheim,https://www.weihnachtsmaerkte-in-deutschland.de/christkindlmarkt-in-unterschleissheim.html,ab 06.12.2019
Christkindlmarkt in Olching,https://www.weihnachtsmaerkte-in-deutschland.de/christkindlmarkt-in-olching.html,ab 06.12.2019
Weihnachtsmarkt in Selb,https://www.weihnachtsmaerkte-in-deutschland.de/weihnachtsmarkt-in-selb.html,ab 06.12.2019
Christkindlmarkt am WaldWipfelWeg in Sankt Englmar,https://www.weihnachtsmaerkte-in-deutschland.de/christkindlmarkt-am-waldwipfelweg-in-sankt-englmar.html,ab 06.12.2019
Weihnachtsmarkt auf dem Bogenberg in Bogen,https://www.weihnachtsmaerkte-in-deutschland.de/weihnachtsmarkt-auf-dem-bogenberg-in-bogen.html,ab 06.12.2019
Romantischer Weihnachtsmarkt auf Gut Wolfgangshof in Zirndorf-Anwanden,https://www.weihnachtsmaerkte-in-deutschland.de/romantischer-weihnachtsmarkt-auf-gut-wolfgangshof-in-zirndorf-anwanden.html,ab 06.12.2019
Altstadt-Weihnacht in Fürth,https://www.weihnachtsmaerkte-in-deutschland.de/altstadt-weihnacht-in-fuerth.html,ab 06.12.2019
Weihnachtsmarkt in Miltenberg,https://www.weihnachtsmaerkte-in-deutschland.de/weihnachtsmarkt-in-miltenberg.html,ab 06.12.2019
Weihnachtsmarkt auf Schloß Guteneck,https://www.weihnachtsmaerkte-in-deutschland.de/weihnachtsmarkt-auf-schloss-guteneck.html,ab 06.12.2019
Schwimmender Christkindlmarkt in Vilshofen an der Donau,https://www.weihnachtsmaerkte-in-deutschland.de/schwimmender-christkindlmarkt-in-vilshofen-an-der-donau.html,ab 06.12.2019
Christkindlmarkt in Prien am Chiemsee,https://www.weihnachtsmaerkte-in-deutschland.de/christkindlmarkt-in-prien-am-chiemsee.html,ab 06.12.2019
Kulinarischer Christkindlmarkt in Bad Aibling,https://www.weihnachtsmaerkte-in-deutschland.de/kulinarischer-christkindlmarkt-in-bad-aibling.html,ab 06.12.2019
Christkindlmarkt in Schönberg im Bayerischen Wald,https://www.weihnachtsmaerkte-in-deutschland.de/christkindlmarkt-in-schoenberg-im-bayerischen-wald.html,ab 06.12.2019
Christkindlmarkt in Freilassing,https://www.weihnachtsmaerkte-in-deutschland.de/christkindlmarkt-in-freilassing.html,ab 06.12.2019
Weihnachtsmarkt in Neusäß,https://www.weihnachtsmaerkte-in-deutschland.de/weihnachtsmarkt-in-neusaess.html,ab 06.12.2019
Christkindlmarkt auf der Fraueninsel in Chiemsee,https://www.weihnachtsmaerkte-in-deutschland.de/christkindlmarkt-auf-der-fraueninsel-in-chiemsee.html,ab 06.12.2019
Weihnachtsmarkt SPESSART Adventsmarkt bei Lohr-Ruppertshütten,https://www.weihnachtsmaerkte-in-deutschland.de/weihnachtsmarkt-spessart-adventsmarkt-bei-lohr-ruppertshuetten.html,ab 06.12.2019
Weihnachtsmarkt in Beilngries,https://www.weihnachtsmaerkte-in-deutschland.de/weihnachtsmarkt-in-beilngries.html,ab 06.12.2019
Weihnachtsmarkt in Füssen,https://www.weihnachtsmaerkte-in-deutschland.de/weihnachtsmarkt-in-fuessen.html,ab 06.12.2019
Nikolausmarkt in Deggendorf,https://www.weihnachtsmaerkte-in-deutschland.de/nikolausmarkt-in-deggendorf.html,am 06.12.2019
Advents- und Weihnachtsmarkt in Eichstätt,https://www.weihnachtsmaerkte-in-deutschland.de/advents-und-weihnachtsmarkt-in-eichstaett.html,ab 06.12.2019
Adventsmarkt in Burghausen,https://www.weihnachtsmaerkte-in-deutschland.de/adventsmarkt-in-burghausen.html,ab 06.12.2019
Weihnachtsmarkt in Lohr am Main,https://www.weihnachtsmaerkte-in-deutschland.de/weihnachtsmarkt-in-lohr-am-main.html,ab 06.12.2019
Weihnachtsmarkt in Kronach,https://www.weihnachtsmaerkte-in-deutschland.de/weihnachtsmarkt-in-kronach.html,ab 06.12.2019
Weihnachtsmarkt auf Schloss Tüßling,https://www.weihnachtsmaerkte-in-deutschland.de/weihnachtsmarkt-auf-schloss-tuessling.html,ab 06.12.2019
Bergweihnacht in Türkenfeld,https://www.weihnachtsmaerkte-in-deutschland.de/bergweihnacht-in-tuerkenfeld.html,ab 06.12.2019
Weihnachtsmarkt in Sommerhausen,https://www.weihnachtsmaerkte-in-deutschland.de/weihnachtsmarkt-in-sommerhausen.html,ab 07.12.2019
Waldweihnacht in Regen OT Schweinhütt,https://www.weihnachtsmaerkte-in-deutschland.de/waldweihnacht-in-regen-ot-schweinhuett.html,ab 07.12.2019
Weihnachtsmarkt in Warmensteinach,https://www.weihnachtsmaerkte-in-deutschland.de/weihnachtsmarkt-in-warmensteinach.html,ab 07.12.2019
Bergwerksweihnacht auf Maffei bei Auerbach in der Oberpfalz,https://www.weihnachtsmaerkte-in-deutschland.de/bergwerksweihnacht-auf-maffei-bei-auerbach-in-der-oberpfalz.html,ab 07.12.2019
Adventsmarkt in Schwarzenbach a. Wald,https://www.weihnachtsmaerkte-in-deutschland.de/adventsmarkt-in-schwarzenbach-a-wald.html,am 07.12.2019
Rottacher Advent in Rottach-Egern,https://www.weihnachtsmaerkte-in-deutschland.de/rottacher-advent-in-rottach-egern.html,ab 07.12.2019
Weihnachtsmarkt in Dießen am Ammersee,https://www.weihnachtsmaerkte-in-deutschland.de/weihnachtsmarkt-in-diessen-am-ammersee.html,ab 07.12.2019
Christkindlmarkt in Anger,https://www.weihnachtsmaerkte-in-deutschland.de/christkindlmarkt-in-anger.html,ab 07.12.2019
Weihnachtsmarkt in Bischofsheim a. d. Rhön,https://www.weihnachtsmaerkte-in-deutschland.de/weihnachtsmarkt-in-bischofsheim-a-d-rhoen.html,ab 07.12.2019
Pasinger Christkindlmarkt in München-Pasing,https://www.weihnachtsmaerkte-in-deutschland.de/pasinger-christkindlmarkt-in-muenchen-pasing.html,ab 07.12.2019
Weihnachtsmarkt in Affing,https://www.weihnachtsmaerkte-in-deutschland.de/weihnachtsmarkt-in-affing.html,ab 07.12.2019
Weihnachtsmarkt in Kleinlangheim,https://www.weihnachtsmaerkte-in-deutschland.de/weihnachtsmarkt-in-kleinlangheim.html,ab 07.12.2019
Seeadvent in Bad Wiessee,https://www.weihnachtsmaerkte-in-deutschland.de/christkindlmarkt-in-bad-wiessee.html,ab 07.12.2019
Advent im Schloss in Taufkirchen (Vils),https://www.weihnachtsmaerkte-in-deutschland.de/advent-im-schloss-in-taufkirchen-vils.html,ab 07.12.2019
Weihnachtsmarkt in Laufen,https://www.weihnachtsmaerkte-in-deutschland.de/weihnachtsmarkt-in-laufen.html,ab 07.12.2019
Adventsmarkt im Schafhof in Freising,https://www.weihnachtsmaerkte-in-deutschland.de/adventsmarkt-im-schafhof-in-freising.html,ab 07.12.2019
Weihnachtsmarkt in Altdorf bei Nürnberg,https://www.weihnachtsmaerkte-in-deutschland.de/weihnachtsmarkt-in-altdorf-bei-nuernberg.html,ab 07.12.2019
Romantischer Weihnachtsmarkt in Beratzhausen,https://www.weihnachtsmaerkte-in-deutschland.de/romantischer-weihnachtsmarkt-in-beratzhausen.html,ab 07.12.2019
Weihnachtsmarkt auf Schloss Burgtreswitz in Moosbach,https://www.weihnachtsmaerkte-in-deutschland.de/weihnachtsmarkt-auf-schloss-burgtreswitz-in-moosbach.html,ab 07.12.2019
Advent in Fränkischen Bauernstuben im Freilandmuseum Bad Windsheim,https://www.weihnachtsmaerkte-in-deutschland.de/advent-in-fraenkischen-bauernstuben-im-freilandmuseum-bad-windsheim.html,am 08.12.2019
Christkindlmarkt in Haibühl bei Arrach,https://www.weihnachtsmaerkte-in-deutschland.de/christkindlmarkt-in-haibuehl-bei-arrach.html,am 08.12.2019
Kuchlbauer-Weihnachtsmarkt in Abensberg,https://www.weihnachtsmaerkte-in-deutschland.de/kuchlbauer-weihnachtsmarkt-in-abensberg.html,ab 11.12.2019
Deutsch-Amerikanischer Weihnachtsmarkt in Pullman City in Eging a. See,https://www.weihnachtsmaerkte-in-deutschland.de/deutsch-amerikanischer-weihnachtsmarkt-in-pullman-city-in-eging-a-see.html,ab 12.12.2019
Granitweihnacht - Christkindlmarkt im Stoabruch in Hauzenberg,https://www.weihnachtsmaerkte-in-deutschland.de/granitweihnacht-christkindlmarkt-im-stoabruch-in-hauzenberg.html,ab 12.12.2019
Christkindlmarkt in Bad Kötzting,https://www.weihnachtsmaerkte-in-deutschland.de/christkindlmarkt-in-bad-koetzting.html,ab 12.12.2019
Christkindlmarkt in Schrobenhausen,https://www.weihnachtsmaerkte-in-deutschland.de/christkindlmarkt-in-schrobenhausen.html,ab 12.12.2019
Lindauer Hafenweihnacht in Lindau (Bodensee),https://www.weihnachtsmaerkte-in-deutschland.de/lindauer-hafenweihnacht-in-lindau-bodensee.html,ab 12.12.2019
Romantischer Weihnachtsmarkt in Gunzenhausen,https://www.weihnachtsmaerkte-in-deutschland.de/romantischer-weihnachtsmarkt-in-gunzenhausen.html,ab 12.12.2019
Weihnachtsmarkt in Mindelheim,https://www.weihnachtsmaerkte-in-deutschland.de/weihnachtsmarkt-in-mindelheim.html,ab 12.12.2019
Weihnachtsinsel in Augsburg,https://www.weihnachtsmaerkte-in-deutschland.de/weihnachtsinsel-in-augsburg.html,ab 12.12.2019
Weihnachtsmarkt in Sulzbach am Main,https://www.weihnachtsmaerkte-in-deutschland.de/weihnachtsmarkt-in-sulzbach-am-main.html,ab 12.12.2019
Christkindlmarkt in Dietfurt,https://www.weihnachtsmaerkte-in-deutschland.de/christkindlmarkt-in-dietfurt.html,ab 12.12.2019
Weihnachtsmarkt in Marktredwitz,https://www.weihnachtsmaerkte-in-deutschland.de/weihnachtsmarkt-in-marktredwitz.html,ab 12.12.2019
Burg-Advent in Neunburg vorm Wald,https://www.weihnachtsmaerkte-in-deutschland.de/burg-advent-in-neunburg-vorm-wald.html,ab 13.12.2019
Weihnachtsmarkt in Grafenau,https://www.weihnachtsmaerkte-in-deutschland.de/weihnachtsmarkt-in-grafenau.html,ab 13.12.2019
Weihnachtsmarkt in Weißenburg in Bayern,https://www.weihnachtsmaerkte-in-deutschland.de/weihnachtsmarkt-in-weissenburg-in-bayern.html,ab 13.12.2019
Advents- und Weihnachtsmarkt in Eichstätt,https://www.weihnachtsmaerkte-in-deutschland.de/advents-und-weihnachtsmarkt-in-eichstaett.html,ab 13.12.2019
Burgweihnacht in Burghausen,https://www.weihnachtsmaerkte-in-deutschland.de/burgweihnacht-in-burghausen.html,ab 13.12.2019
Bergweihnacht in Türkenfeld,https://www.weihnachtsmaerkte-in-deutschland.de/bergweihnacht-in-tuerkenfeld.html,ab 13.12.2019
Weihnachtsmarkt in Kronach,https://www.weihnachtsmaerkte-in-deutschland.de/weihnachtsmarkt-in-kronach.html,ab 13.12.2019
Weihnachtsmarkt auf Schloss Tüßling,https://www.weihnachtsmaerkte-in-deutschland.de/weihnachtsmarkt-auf-schloss-tuessling.html,ab 13.12.2019
Romantischer Weihnachtsmarkt auf Gut Wolfgangshof in Zirndorf-Anwanden,https://www.weihnachtsmaerkte-in-deutschland.de/romantischer-weihnachtsmarkt-auf-gut-wolfgangshof-in-zirndorf-anwanden.html,ab 13.12.2019
Christkindlmarkt in Unterschleißheim,https://www.weihnachtsmaerkte-in-deutschland.de/christkindlmarkt-in-unterschleissheim.html,ab 13.12.2019
Christkindlmarkt in Olching,https://www.weihnachtsmaerkte-in-deutschland.de/christkindlmarkt-in-olching.html,ab 13.12.2019
Weihnachtsmarkt in Selb,https://www.weihnachtsmaerkte-in-deutschland.de/weihnachtsmarkt-in-selb.html,ab 13.12.2019
Christkindlmarkt am WaldWipfelWeg in Sankt Englmar,https://www.weihnachtsmaerkte-in-deutschland.de/christkindlmarkt-am-waldwipfelweg-in-sankt-englmar.html,ab 13.12.2019
Christkindlmarkt in Kelheim,https://www.weihnachtsmaerkte-in-deutschland.de/christkindlmarkt-in-kelheim.html,ab 13.12.2019
Weihnachtsmarkt in Vohburg a.d.Donau,https://www.weihnachtsmaerkte-in-deutschland.de/weihnachtsmarkt-in-vohburg-a-d-donau.html,ab 13.12.2019
Weihnachtsmarkt in Miltenberg,https://www.weihnachtsmaerkte-in-deutschland.de/weihnachtsmarkt-in-miltenberg.html,ab 13.12.2019
Weihnachtsmarkt auf Schloß Guteneck,https://www.weihnachtsmaerkte-in-deutschland.de/weihnachtsmarkt-auf-schloss-guteneck.html,ab 13.12.2019
Schwimmender Christkindlmarkt in Vilshofen an der Donau,https://www.weihnachtsmaerkte-in-deutschland.de/schwimmender-christkindlmarkt-in-vilshofen-an-der-donau.html,ab 13.12.2019
Christkindlmarkt in Cham,https://www.weihnachtsmaerkte-in-deutschland.de/christkindlmarkt-in-cham.html,ab 13.12.2019
Christkindlmarkt in Prien am Chiemsee,https://www.weihnachtsmaerkte-in-deutschland.de/christkindlmarkt-in-prien-am-chiemsee.html,ab 13.12.2019
Weihnachtsmarkt in Neunkirchen am Brand,https://www.weihnachtsmaerkte-in-deutschland.de/weihnachtsmarkt-in-neunkirchen-am-brand.html,ab 13.12.2019
Schlossweihnacht in Treuchtlingen,https://www.weihnachtsmaerkte-in-deutschland.de/schlossweihnacht-in-treuchtlingen.html,ab 13.12.2019
Kulinarischer Christkindlmarkt in Bad Aibling,https://www.weihnachtsmaerkte-in-deutschland.de/kulinarischer-christkindlmarkt-in-bad-aibling.html,ab 13.12.2019
Christkindlmarkt in Freilassing,https://www.weihnachtsmaerkte-in-deutschland.de/christkindlmarkt-in-freilassing.html,ab 13.12.2019
Weihnachtsmarkt in Neusäß,https://www.weihnachtsmaerkte-in-deutschland.de/weihnachtsmarkt-in-neusaess.html,ab 13.12.2019
Weihnachtsmarkt in Affing,https://www.weihnachtsmaerkte-in-deutschland.de/weihnachtsmarkt-in-affing.html,ab 13.12.2019
Weihnachtsmarkt in Füssen,https://www.weihnachtsmaerkte-in-deutschland.de/weihnachtsmarkt-in-fuessen.html,ab 13.12.2019
Sternlesmarkt in Wolframs-Eschenbach,https://www.weihnachtsmaerkte-in-deutschland.de/sternlesmarkt-in-wolframs-eschenbach.html,ab 14.12.2019
Weihnachtsmarkt in Altdorf bei Nürnberg,https://www.weihnachtsmaerkte-in-deutschland.de/weihnachtsmarkt-in-altdorf-bei-nuernberg.html,ab 14.12.2019
Weihnachtsmarkt Arracher See-Weihnacht in Arrach,https://www.weihnachtsmaerkte-in-deutschland.de/weihnachtsmarkt-arracher-see-weihnacht-in-arrach.html,am 14.12.2019
Seeadvent in Bad Wiessee,https://www.weihnachtsmaerkte-in-deutschland.de/christkindlmarkt-in-bad-wiessee.html,ab 14.12.2019
Weihnachtsmarkt in Bad Wörishofen,https://www.weihnachtsmaerkte-in-deutschland.de/weihnachtsmarkt-in-bad-woerishofen.html,ab 14.12.2019
Rottacher Advent in Rottach-Egern,https://www.weihnachtsmaerkte-in-deutschland.de/rottacher-advent-in-rottach-egern.html,ab 14.12.2019
Ochsenfurter Adventsgässle,https://www.weihnachtsmaerkte-in-deutschland.de/ochsenfurter-adventsgaessle.html,ab 14.12.2019
Christkindlmarkt in Anger,https://www.weihnachtsmaerkte-in-deutschland.de/christkindlmarkt-in-anger.html,ab 14.12.2019
Weihnachtsmarkt in Himmelstadt,https://www.weihnachtsmaerkte-in-deutschland.de/weihnachtsmarkt-in-himmelstadt.html,ab 14.12.2019
Waldweihnacht in Regen OT Schweinhütt,https://www.weihnachtsmaerkte-in-deutschland.de/waldweihnacht-in-regen-ot-schweinhuett.html,ab 14.12.2019
Pasinger Christkindlmarkt in München-Pasing,https://www.weihnachtsmaerkte-in-deutschland.de/pasinger-christkindlmarkt-in-muenchen-pasing.html,ab 14.12.2019
Weihnachtsmarkt in Sommerhausen,https://www.weihnachtsmaerkte-in-deutschland.de/weihnachtsmarkt-in-sommerhausen.html,ab 14.12.2019
Romantischer Weihnachtsmarkt in Berching,https://www.weihnachtsmaerkte-in-deutschland.de/romantischer-weihnachtsmarkt-in-berching.html,ab 14.12.2019
Weihnachtsmarkt in Arnbruck,https://www.weihnachtsmaerkte-in-deutschland.de/weihnachtsmarkt-mit-hofweihnacht-in-arnbruck.html,am 15.12.2019
Weihnachtsmarkt in Pfronten-Heitlern,https://www.weihnachtsmaerkte-in-deutschland.de/weihnachtsmarkt-in-pfronten-heitlern.html,am 15.12.2019
Weihnachtsmarkt in Langenzenn,https://www.weihnachtsmaerkte-in-deutschland.de/weihnachtsmarkt-in-langenzenn.html,am 15.12.2019
Weihnachtsmarkt in Gräfenberg,https://www.weihnachtsmaerkte-in-deutschland.de/weihnachtsmarkt-in-graefenberg.html,am 15.12.2019
Advent in Fränkischen Bauernstuben im Freilandmuseum Bad Windsheim,https://www.weihnachtsmaerkte-in-deutschland.de/advent-in-fraenkischen-bauernstuben-im-freilandmuseum-bad-windsheim.html,am 15.12.2019
Kuchlbauer-Weihnachtsmarkt in Abensberg,https://www.weihnachtsmaerkte-in-deutschland.de/kuchlbauer-weihnachtsmarkt-in-abensberg.html,ab 18.12.2019
Weihnachtsmarkt in Viechtach,https://www.weihnachtsmaerkte-in-deutschland.de/weihnachtsmarkt-mit-atmosphaere-in-viechtach.html,ab 19.12.2019
Deutsch-Amerikanischer Weihnachtsmarkt in Pullman City in Eging a. See,https://www.weihnachtsmaerkte-in-deutschland.de/deutsch-amerikanischer-weihnachtsmarkt-in-pullman-city-in-eging-a-see.html,ab 19.12.2019
Granitweihnacht - Christkindlmarkt im Stoabruch in Hauzenberg,https://www.weihnachtsmaerkte-in-deutschland.de/granitweihnacht-christkindlmarkt-im-stoabruch-in-hauzenberg.html,ab 19.12.2019
Christkindlmarkt in Bad Kötzting,https://www.weihnachtsmaerkte-in-deutschland.de/christkindlmarkt-in-bad-koetzting.html,ab 19.12.2019
Weihnachtsinsel in Augsburg,https://www.weihnachtsmaerkte-in-deutschland.de/weihnachtsinsel-in-augsburg.html,ab 19.12.2019
Weihnachtsmarkt in Marktredwitz,https://www.weihnachtsmaerkte-in-deutschland.de/weihnachtsmarkt-in-marktredwitz.html,ab 19.12.2019
Weihnachtsmarkt in Selb,https://www.weihnachtsmaerkte-in-deutschland.de/weihnachtsmarkt-in-selb.html,ab 19.12.2019
Weihnachtsmarkt auf Schloß Guteneck,https://www.weihnachtsmaerkte-in-deutschland.de/weihnachtsmarkt-auf-schloss-guteneck.html,ab 20.12.2019
Christkindlmarkt in Prien am Chiemsee,https://www.weihnachtsmaerkte-in-deutschland.de/christkindlmarkt-in-prien-am-chiemsee.html,ab 20.12.2019
Kulinarischer Christkindlmarkt in Bad Aibling,https://www.weihnachtsmaerkte-in-deutschland.de/kulinarischer-christkindlmarkt-in-bad-aibling.html,ab 20.12.2019
Weihnachtsmarkt in Neusäß,https://www.weihnachtsmaerkte-in-deutschland.de/weihnachtsmarkt-in-neusaess.html,ab 20.12.2019
Weihnachtsmarkt in Miltenberg,https://www.weihnachtsmaerkte-in-deutschland.de/weihnachtsmarkt-in-miltenberg.html,ab 20.12.2019
Christkindlmarkt in Unterschleißheim,https://www.weihnachtsmaerkte-in-deutschland.de/christkindlmarkt-in-unterschleissheim.html,ab 20.12.2019
Christkindlmarkt in Olching,https://www.weihnachtsmaerkte-in-deutschland.de/christkindlmarkt-in-olching.html,ab 20.12.2019
Weihnachtsmarkt in Kronach,https://www.weihnachtsmaerkte-in-deutschland.de/weihnachtsmarkt-in-kronach.html,ab 20.12.2019
Christkindlmarkt am WaldWipfelWeg in Sankt Englmar,https://www.weihnachtsmaerkte-in-deutschland.de/christkindlmarkt-am-waldwipfelweg-in-sankt-englmar.html,ab 20.12.2019
Rottacher Advent in Rottach-Egern,https://www.weihnachtsmaerkte-in-deutschland.de/rottacher-advent-in-rottach-egern.html,ab 21.12.2019
Seeadvent in Bad Wiessee,https://www.weihnachtsmaerkte-in-deutschland.de/christkindlmarkt-in-bad-wiessee.html,ab 21.12.2019
Pasinger Christkindlmarkt in München-Pasing,https://www.weihnachtsmaerkte-in-deutschland.de/pasinger-christkindlmarkt-in-muenchen-pasing.html,ab 21.12.2019
Weihnachtsmarkt in Sommerhausen,https://www.weihnachtsmaerkte-in-deutschland.de/weihnachtsmarkt-in-sommerhausen.html,ab 21.12.2019
Weihnachtsmarkt in Fladungen,https://www.weihnachtsmaerkte-in-deutschland.de/weihnachtsmarkt-in-fladungen.html,ab 21.12.2019
Weihnachtsmarkt in Bad Königshofen im Grabfeld,https://www.weihnachtsmaerkte-in-deutschland.de/weihnachtsmarkt-in-bad-koenigshofen-im-grabfeld.html,am 21.12.2019
Weihnachtsmarkt in Bad Wörishofen,https://www.weihnachtsmaerkte-in-deutschland.de/weihnachtsmarkt-in-bad-woerishofen.html,ab 21.12.2019
Weihnachtsmarkt in Dinkelsbühl,https://www.weihnachtsmaerkte-in-deutschland.de/weihnachtsmarkt-in-dinkelsbuehl.html,ab 26.12.2019
Christkindlmarkt am WaldWipfelWeg in Sankt Englmar,https://www.weihnachtsmaerkte-in-deutschland.de/christkindlmarkt-am-waldwipfelweg-in-sankt-englmar.html,ab 27.12.2019
Rauhnachtsmarkt in Ruhpolding,https://www.weihnachtsmaerkte-in-deutschland.de/rauhnachtsmarkt-in-ruhpolding.html,ab 27.12.2019
